{
  "schemaVersion": 1,
  "id": "bedrock_minable",
  "version": "1.0.0",
  "name": "Bedrock Minable",
  "description": "让基岩可以被开采的Mod",
  "authors": [
    "Your Name"
  ],
  "contact": {
    "homepage": "https://example.com/",
    "sources": "https://example.com/source"
  },
  "license": "MIT",
  "icon": "assets/bedrock_minable/icon.png",
  "environment": "*",
  "entrypoints": {
    "main": [
      "com.example.bedrockminable.BedrockMinable"
    ]
  },
  "mixins": [
    "bedrock_minable.mixins.json"
  ],
  "depends": {
    "fabricloader": ">=0.15.11",
    "minecraft": "~1.21.6",
    "java": ">=21",
    "fabric-api": "*"
  },
  "suggests": {
    "another-mod": "*"
  }
}
